@Ladyimam,2742
@tturenc,1898
@aydincingi,1755
@ebabahan,1721
@EmreUslu,1493
@LutfuTurkkan,1424
@bahattinyucel,1380
@bkenes,1287
@secondvirus,1245
@SONSAYI,1131
@koraycaliskan,1110
@haykobagdat,1108
@AtillaTasNet,1103
@melisalphan,1061
@mehmetbaransu,1016
@tokcem,1005
@fatihportakal,954
@AlperTurgut01,938
@doganduru,921
@muslimsarichp,912
@nasrullahayan,909
@FerdanErgut,903
@aykuterdogdu,878
@renemliD,870
@eksihabermas,846
@EratalaySevinc,844
@MehmetAltanFan,820
@selamiince,806
@erkan_akkus,787
@RustemBatum,783
@semihgumus,782
@MSTanrikulu,769
@ORHANBURSALI,765
@cenksidar,759
@SevimGozay,748
@Yusuf_Gunay,735
@Murat_ide,729
@serdarakinan,720
@zeynepgurcanli,716
@NevvalS,713
@alicimen,711
@ArzuErdogral,701
@istiklalAkarsu,692
@ferhatttunc,677
@FerdiCarrefour,677
@ihsanylmz,676
@asim_yildirim,676
@jamilabayraktar,673
@ugurses,672
@omradymn,668
@sedatuzunyol,646
@feyzi_isbasaran,639
@umitalan,635
@ozgurmumcu,631
@samiltayyar27,626
@HuseyinAygun62,624
@asliaydintasbas,622
@lubeayar,613
@myikar,612
@orhanaydin6,610
@AkyolMustafa,604
@Nesrinnas,581
@ademyavuza,578
@yunusgunce,576
@hakansukur,572
@idrisbal,554
@suyorumcusu,553
@candundaradasi,545
@Sukrukucuksahin,541
@can_atakli_,541
@gulerkomurcu,536
@MetinUca,533
@drhaluksavas,523
@LeventUzumcu,521
@enveraysever2,521
@GultekinAvc,521
@SedefKabas,507
@kaansezyum,501
@meldaonur,499
@HurAyse,498
@mustfsnmz,496
@baskomsernevzat,493
@UfukUras,484
@tuncayopcin,481
@TarikToros,480
@cigdemmater,479
@vekilince,479
@aakadiroglu,476
@alirizaozturk33,469
@KucukkayaIsmail,465
@ceyhunyilmaz,464
@BurhanKuzu,462
@barisatay,460
@MahirZeynalov_,460
@tanikunal,458
@S_Celebi,452
@ttbamteli,452
@UmutOranCHP,450
@BarbarosSansal,446
@FARACYAZIYOR,443
@cuneytozdemir,438
@sabahatakkiraz,438
@sahinmengu,436
@Salih_Kapusuz,436
@ahamitbilici,435
@bedribaykam,433
@burak_eldem,426
@ZaferOzcan_,423
@barisyarkadas,423
@hikmetgenc,420
@hilmihacaloglu,419
@ozge_mumcu,418
@fatihtezcan,412
@erolgoka,412
@onderozturk2023,406
@EToprakCHP,399
@DrSinanOgan,398
@mehmettez,395
@ErtugrulGunay,389
@YZGLLDGN,389
@Tuluhantekeli,389
@sitkiozcan,383
@vivetchka,382
@PYAntika,379
@ebrucapa,377
@sahmetsahmet,375
@EYPMUHCU,374
@AdnanBoynukara,372
@kemalgoktas,369
@drgurbuzcapan,369
@profozcan,368
@ihsaneliacik,365
@ZaferArapkirli,363
@muhsinakgun,360
@baristerkoglu,355
@sekermurat,354
@orayegin,354
@harun_tekin,351
@murataksoy,351
@cemkucuk55,351
@bernalacin35,351
@drerolkose,348
@senakaleli,345
@Mv_MCetin,344
@Cemil_IPEKCI,343
@ooktayeksi,342
@yavuzoghan,341
@OFarukLogoglu,339
@bkusoglu,339
@RT_Erdogan,337
@cakir_rusen,334
@HasipKAPLAN,333
@aykut_isiklar,332
@neslihanacu,330
@MBekaroglu,329
@elifilgaz,329
@RamisTopal,328
@muratsabuncum,327
@nihatsirdar,327
@hakan_aygun,323
@aliozgunduz,319
@melikedemirag,318
@Alimhamarat,311
@ccanozz,306
@tkucukcan,306
@cemilertem,305
@ugur_ergan,303
@turgutdibek,303
@ceydak,302
@nedimsener2010,299
@cemmumcu,299
@melihasik,299
@nebilozgenturk,297
@nevsinmengu,296
@NuhAlbayrak,294
@alidurantopuz,291
@NihatDogan_ND,290
@Armagan_caglaya,290
@omer_sahinn,286
@yavuzbaydar,285
@zekikayahan,282
@EgemenBagis,281
@FaikTUNAY,280
@melikekarakarta,279
@ttatari,277
@orkece,277
@acikcenk,277
@hidirgevis,277
@fadimeozkan,274
@mustafaltioklar,274
@mkirikkanat,274
@levent_kazak,271
@06melihgokcek,268
@yektakopan,268
@hursitgunes,264
@akyuzfikri,264
@nedimsaban,261
@farukmercan,260
@AtillaSertell,258
@MehmetEroglu_,257
@ceriLevis,257
@kinikli88,254
@itiresen,254
@EbruBaki,253
@KorayaydinMHP,248
@merdanyanardag,248
@ikaraosmanoglu,247
@ALIATIFBIR,246
@serkanaltunigne,246
@ibrahimsober,243
@hilal_kaplan,240
@mazharbagli,240
@s_hablemitoglu,239
@KadriGursel,237
@turgayogur,237
@emin_ekmen,236
@bulenttezcanchp,233
@mrtclkr,232
@siring,231
@mehvesevin,230
@edihvet,229
@fuatavni,227
@ilkeraksoy,225
@Chphalukkoc,224
@140darbe,224
@nildaybelday,221
@erhan_basyurt,220
@sevilayyaziyor,219
@aysekesir,218
@emavioglu,216
@MetinAROLAT,215
@suatkilic,213
@yasarokuyan,212
@AliSahin501,212
@cdavran,212
@ahmettulgarr,211
@metinfeyzioglu,211
@PuCCaa,210
@melihaltinok,209
@sedatlaciner,209
@obenBudak,208
@metecubukcu,207
@doguyucel,206
@gulserenonanc,204
@yasemininceoglu,203
@niluferacikalin,202
@aylin_kotil,201
@mnailkecili,200
@erenegilmez,199
@nibenka,198
@nurcanakad,197
@ihsanozkes,197
@ezgibasaran,197
@Guldenay007,197
@cananbarlas,196
@AylinNazliaka,195
@nazlicanozkan,195
@Mustafa_Destici,195
@AltanSan,193
@KamerGen1,191
@aDilipak,189
@sermiyanmidyat,188
@oktayvural,188
@aykanerdemir,187
@cibecicina,187
@MirgunCabas,187
@amberinzaman,186
@attilao,185
@ersozhuseyin,184
@haluk_eyidogan,182
@OzlemGurses,180
@obasturk,180
@demetsagiroglu,180
@fuatkozluklu,178
@NeslihanYargici,176
@tufandarbaz,174
@Sebnemisiguzel,173
@ETemelkuran,172
@izzetcapa,171
@Valimutlu,171
@SalarMurat,170
@karadagerhan,167
@AylinAsLIM,167
@CandanYceer,166
@gunaydingokhan,166
@_cevdetyilmaz,163
@kilicdarogluk,163
@iskenderpaydas,163
@tekinlatife,162
@poyrazalti,162
@yildarado,162
@M_Sarigul,162
@feraitinc,161
@Deniz_Zeyrek,160
@suleymansarilar,160
@ugurdundarsozcu,160
@Notredamedesion,160
@elifkey,159
@mucahitbilici,159
@ATuncayOzkan,158
@isbecer,157
@katkaya,157
@barispehlivan,156
@melihbayramdede,156
@gurseltekin34,156
@ebasaksengul,154
@GBilgehan,154
@mustafabalbay,154
@_ertemsener,153
@BayramogluDeniz,153
@E_Sarizeybek,152
@aycasenbaskan,152
@haberaktif,152
@sehrazatmusic,152
@DenizUlke,151
@degirmencirfan,151
@nacibostanci,151
@oz_zekeriya,150
@GaniMujde,150
@AkarRidvanakar,150
@fuldenuras,150
@firattanis,149
@ismail_yasa,149
@CengizHrtgl,148
@mhulkicevizoglu,148
@ErhanErkut,148
@halideincekara,147
@slymnoz,146
@umit_zileli,146
@seyitaliaral,146
@atillakart,144
@ahmethc,143
@hc_huseyincelik,143
@tezcanah,142
@nejatkocer,141
@MKilic52,140
@serapduygulu,140
@safakongan,138
@senlikogluemine,138
@hakanhepcan,137
@veliagbaba,136
@OzanOnen,136
@SirketDoktoru,136
@CicekDilligil,135
@zelkifkazdal,135
@ceminaycem,135
@alkayaorhan,134
@hakanchelik,134
@fatosgurkan,134
@farukbildirici,133
@fatoskarahasan,133
@kaanyakuphan,132
@necdetunuvar,132
@HSNCML,132
@lsdomicim,131
@NamiCAGAN,131
@ibrahim_karagul,131
@ozlem_albayrak,131
@kaplanseren,130
@ToprakBinnaz,130
@mevluttezel,129
@Av_SelamiOzturk,128
@fuatavnifuat,127
@elifaktug,127
@rahsangulsan,127
@ahmeteozguc,123
@CetinSoysalCHP,122
@mehmetgundem,122
@MuratKazanasmaz,122
@alphanmanas,122
@AvarBanu,122
@umitozdag,122
@eceerken,122
@saffetsancakli,122
@memetsimsek,121
@hilalcebeciii,121
@YZDMRGL,121
@vedatozdemiro,121
@zkarahanuslu,120
@husnumahalli,119
@dfikrisaglar,119
@IsinGormusELLE,119
@cenkerenonline,118
@hikmetcetinkaya,117
@OdunHerif,117
@meral_aksener,116
@Askdoktoru,115
@burak,114
@nurettin_demir,114
@MuratCelik_1,114
@_fatihsahin,112
@celalpir,111
@Balciceki,111
@yilmazodabasi,110
@SUAVI_SUAVI,109
@AttilaKoksal,109
@HDPDEMIRCELIK,108
@ismet_berkan,108
@yigitbulutt,108
@Tevfik_Yener,107
@KadirGokmenOgut,107
@turgayguler,107
@sonkibar,107
@taksimdayanisma,106
@keremtibuk,106
@nebilragip,106
@aliHaslan,106
@Elvin_Aghayev,106
@NiluferBulutt,106
@ducane,105
@HalukSicimoglu,105
@OF_Eminagaoglu,104
@orhanduzgun60,102
@emrealkin1969,102
@taylan1789,102
@mansuryavas06,100
@TUGBAOZAY10,100
@esesci,100
@FatmaSahin2023,100
@futuristufuk,100
@metehan_demir,100
@haluk_levent,97
@HasmetBABA,97
@leventerim,97
@YrGngelopoulos,96
@Yasemin_Boran,96
@DenizPulas,95
@SinaAfra,95
@Akasyaa,93
@ProfDrMaydin,93
@bybekirbozdag,93
@nrglyslcy,91
@Doarutkay,90
@Gurul,90
@sibeleraslan,90
@ZeynepGogus,89
@LeventTuzel,89
@lalesivgin,89
@yavuz_semerci,89
@GeErgen,88
@FarukSorak,88
@mustaf_unal,88
@OsmanKoruturk,87
@ismailhpolat,87
@eyupcansaglik,87
@ZenginGurkan,87
@Elif_Safak,87
@ibrahimseten,87
@erguven11,86
@suleymansoylu,86
@PervinBuldan,86
@feridun_duzagac,86
@nasuhmahruki,85
@CandasTolga,85
@adnankeskinCHP,85
@banuguven,84
@alperseri,84
@akkayasarp,84
@selcukayhn,83
@pelinozkan,83
@DCLCANOVA,83
@aziz_ustell,83
@birgulaguler,83
@HuseyinYayman,83
@sakiksirri,82
@turgaydemirr,82
@gokayotyam,82
@thealiagaoglu,82
@halukilicak,82
@zfrcbkc,81
@idrisgulluce,80
@AysegulAldinc,80
@tubaunsal,80
@selcukerdem,80
@selalekadak,80
@mserdark,80
@MustafaKurdas,79
@MayaArakon_,79
@YvzbNgl,79
@kizilirmakilkay,79
@oguzksalici,79
@uralakuzum,78
@AysenurArslan50,78
@elifcakirr,77
@aksezen,77
@ruhsardemirel,77
@mt_goksu,77
@ahuozyurt,77
@cem_ozer,77
@OPAMUKOGLU,76
@omurgedik,76
@Ayla_Akat,76
@bulent_korucu,76
@mahfiegilmez,76
@akin_birdal,75
@hamdialkan,75
@keremgorsev,75
@burhansesen,75
@kazimmolla,75
@serdar_cam,74
@DemetAkalin,74
@bejanmatur,73
@safakpavey,73
@SunayAkin,73
@KaygusuzSema,72
@markaresayan,72
@ismailer_,72
@umitnazliboyner,72
@Ebru_Polat,72
@semihsayginer,72
@DereogluBuket,72
@hasancelalguzel,72
@kutup_zencisi,72
@ayhansicimoglu,71
@SukruGENCBaskan,71
@esinovet,71
@aliyucelen,71
@pinkfreud,70
@alibabaoglan,70
@rodrikdani,70
@seferlevent,70
@EkremDumanli,70
@DOSTLARTIYATRO,69
@murattolga,68
@Ahmet_Davutoglu,68
@hasankoktas,68
@MehmetPerincek,67
@mesutyar,67
@MuratYetkin2,67
@forzabesiktas,67
@zaferalgoz,67
@erolkaya_ist,67
@HAYKOCPQN,66
@HadiOzisik,66
@arasbulent,65
@NaferErmis,65
@simgefstk,65
@Erhan_Celikk,65
@feramuzustun,64
@lifeisaturkubar,64
@VeyselEroglu,64
@yusufhalacoglu,64
@altinsaray,63
@cantongo,63
@ABabuscu,63
@femgucluturk,62
@mahmutovur,62
@SemihaYanki,62
@Cevdet_Erdol,62
@behzatu,62
@MevlutCavusoglu,62
@ahmetyesiltepe,62
@metinustundag,62
@omerrcelik,62
@Y_Akdogan,62
@pinarbihter,62
@gizem_ozdilli,62
@BuketUzuner,62
@gultekinbulent,61
@ibrahimbetil,61
@Kaynarca_Oktay,61
@canereler,61
@yildirim_turker,61
@MHilalKaplan,61
@OsmanGokcek_,60
@NumanKurtulmus,60
@canbonomo,60
@varank,60
@TartanHakan,60
@sebnembozoklu,60
@eylulonline,60
@imparatoribo,59
@ilkerbasbugcom,59
@dbdevletbahceli,58
@Reyhan_Karaca,58
@sgokbakar,58
@mimarserdarinan,58
@Uluc_Gurkan,58
@cengizsemercio,58
@elonue,57
@yasar_gunacgun,57
@takyildiz,57
@onalfusun,57
@aydinsengul35,57
@tuncelsebahat,56
@ihsandagi,56
@rober_koptas,56
@yalcincakir,55
@dmtevgar,55
@ozbekbahadir,55
@tezelali,55
@cagatayozdogru,55
@Akif_Hamzacebi,55
@ElifD1,54
@baharkorcan,54
@RoniMargulies,54
@D_AliTorlak,54
@berraktzntc,53
@eyuboglualice,53
@abdulkdir_selvi,53
@mkulunk,53
@kutlugataman,52
@derinbmermerci,52
@sanatatak,52
@mensurakgun,52
@BelmaSatir,52
@pinarersoy,52
@Mumtazer,52
@Gonca_Vuslateri,52
@tongsiroguz,51
@anjelikaakbar,51
@Kadir__Topbas,51
@ozdemsanberk,51
@ezop2011,51
@alifuatyilmazer,51
@YildizzTilbee,51
@yankiyazgancom,51
@BunyaminSurmeli,50
@aysebohurler,49
@CEZA_ED,49
@Mhsnkrmzgl,49
@omer_topbas,49
@FGulencomTR,49
@profdrihsanoglu,49
@ishinkaraca,49
@okanbayulgen,49
@nihadagenc,49
@ozgeulusoyresmi,49
@HalilSoyletmez,48
@sevdaturkusev,48
@gulhantekin,48
@stelyop,47
@MucellaYapici,47
@yavuzseckin,47
@keremalkin,46
@mkartoglu,46
@kucukiskender,46
@ilhancihaner,46
@MTanal,46
@Yaziyor,46
@melisdanismend,46
@emrekkinay,46
@akapismak,46
@Fatma_Barbaros,45
@kitapdunyasi,45
@toygarisikli,45
@senerabdullatif,44
@CanAnayasa,44
@lokmanayva,44
@serenserengilSS,44
@tugrultulek,44
@kizilkaya66,44
@ekurkcuHDP,43
@KorogluDerya,43
@huseyinsahinnet,42
@ofunal,42
@hidayet_karaca,42
@KemalBurkay1,42
@Yalcinbayer,41
@NecdetPamir,41
@enginozkoc,41
@ZelihaSunal,41
@skulkuloglu,41
@tunabeklevic,41
@fikriisik,40
@ibinici,40
@ErginSadulllah,40
@bskazizkocaoglu,40
@avhamzadag,40
@egzOzpirincci,40
@RizaKocaoglu,39
@Dr_K_Aydin,39
@yukselozden,39
@oneyferyal,39
@Cengizyavili,39
@handefrt,39
@armanayse,39
@ahmetrizakorkut,38
@ece_sukan,38
@Nazenint,38
@aysenuryazici,38
@Nimet_Bas,38
@sarpapak81,38
@Umur_Talu,38
@YoncaEvcimik,37
@ayseozyilmazel,37
@yesimsalkim,37
@velveleyeverdim,37
@ilkerkoc2,37
@ackilic76,37
@calikoznur,36
@fthturkmenoglu,36
@DOGANAKINT24,36
@erdgnbayraktr,36
@Jaharrad,36
@MuezzinogluDR,36
@banuka,35
@emrekarayel01,35
@Ceyda_duvenci,35
@AhmetMisbah,35
@TulaySelamoglu,35
@Umit_Kocasakal,35
@ikalin1,35
@EUTarhan,34
@VolkanCanali,34
@Geo151976,34
@YilCagAtiksoy,33
@MustafaSentop,33
@kemalozturk2020,33
@erenerdemnet,33
@Cengiz_Turhan,33
@MuammerGulerr,33
@afifd,33
@Tonbekici,33
@canerclsr,33
@Hayati_Yazici,32
@aberatconkar,32
@KavlakPevrul,32
@desifrehaber,32
@bulent_arinc,32
@nurancakmakci,32
@ezgimola,32
@halimekokce,32
@pnouma21,32
@cemerciyes,32
@tccankaya,31
@CMYLMZ,31
@BekirDeveli,31
@ercan_karakas,31
@GUVENOZALPBXL,31
@ekinturkmen,31
@edibesozen,31
@memboydak,31
@aktaserdogan,31
@atalaydemirci,30
@tweetingdefne,30
@volkan_bozkir,30
@mungan_murathan,30
@guldalaksit,30
@emrkongar,30
@hamzayerlikaya,30
@Fenerbahce,29
@bulentparlak,29
@basaktemel,29
@ersinduzen,29
@bekrcoskn,29
@KarakasEser,29
@emrealt,29
@KAYABJK,29
@CengizCandar,29
@YoncaLodi17,29
@fetinkazanci,28
@askonuk,28
@mehmetdemirkolb,28
@mancolog,28
@busrapekin,28
@nihattosun61,28
@efkanala,28
@sibelarna,28
@ertanaydin,28
@emirsarigul,28
@NihatKahveci8,28
@HalukMesci,28
@Murat_Alparslan,27
@nihatipoglu,27
@NilBurakk,27
@csgbfarukcelik,27
@AhmetGunestekin,27
@yenerdonmez,27
@Candan_Dost,27
@EnverYucel,27
@ferhatgocer,27
@ecevahapoglu,26
@kemalgulen,26
@soraynazan,26
@ethemkutu,26
@EYorgancilar,26
@avsarhellin,26
@erdilyasaroglu,25
@FURKANKIZILAY,25
@gupseo,25
@YZOzcan,25
@Kaleagasi,25
@hacisabanci,25
@birolguven,25
@Mustafa___Demir,25
@ineziroglu,25
@mustinetnet,25
@ismail_safi,25
@kamalakmustafa,25
@SunaVidinli,25
@kekec_ahmet,24
@AyseTolga,24
@Yasemin_Mori,24
@SafakSezer,24
@sabriugan,24
@Erdal_Sen,24
@YeniAlisan,24
@serefoguz,24
@cuneyttoros,24
@ErolEsra,24
@yeniceriozcan,24
@sibel_tuzun,23
@sayinemell,23
@halilsezaip,23
@handeyener,23
@KemalDogulu,23
@ismailsaymaz,23
@gerisayim,23
@yerdinc65,23
@RHisarciklioglu,23
@MU_ULKER,23
@omerdongeloglu,23
@Guzelzinho,23
@pinaratacan,23
@SunalAli,22
@sevvalsam,22
@TugrulTurkes,22
@asaydam,22
@ozaysendir,22
@ulgenbulent,22
@mozaydinli,22
@Muneccimbasi,22
@banuzeytinoglu,22
@yelchin,22
@cigdematabek,22
@NadideS,21
@sencerayata,21
@ardakutsal,21
@ERDEMYENER,21
@NurGer1,21
@alihakanxyz,21
@cbabdullahgul,21
@sinanakcil,21
@CigdemAnad,21
@cuneytsen,21
@YasrNuriOzturk,20
@munibenno,20
@av_idrissahin,20
@hasandoganTR,20
@RasimOzan_K,20
@ZeybekciNihat,20
@nuhyilmaz,20
@T_MenderesTurel,20
@atademirer,20
@GalatasaraySK,20
@kaankural,20
@yaktay,20
@KaracanOkan,20
@FadikAtasoy,19
@GFeyman,19
@DogusOfficial,19
@hdpdemirtas,19
@EbruGundes,19
@esraceydaersoy,19
@adnandalgakiran,19
@mahirunal,19
@salimuslu_,19
@AlperTasdelen06,19
@busearici,19
@turgutkazan,19
@Bengu,19
@memetalialabora,19
@duygucetinkaya,19
@deniz_arcak,18
@volkanaki,18
@VahapMunyar,18
@kursatbasar,18
@EmrahHattat,18
@OzlemTekin,18
@beyinsiz_adam,17
@drorhanatalay65,17
@sukruelekdag,17
@baydemirosman,17
@EbruYasarOnline,17
@SonerArica,17
@ozlem_denizmen,17
@halesen,17
@AlatonLeyla,17
@yel_yeliz,17
@TC_Disisleri,16
@DudekSenay,16
@LaraSayilgan,16
@suheylbatum,16
@sedaogretir,16
@beduk,16
@caglarmustafa,16
@okaygonensin,16
@Hadise,16
@atilla_yayla,16
@NOdabasi,16
@sebnembursali,16
@OzcanDeniz,16
@BilalMacit,16
@fenerlicavus,16
@BuseTerim,16
@SevanNisanyan,15
@selcuk_dereli,15
@silagencoglu,15
@MORGULYILMAZ,15
@ozguraras,15
@latiferdogan56,15
@osmandevelioglu,15
@enisarikan,15
@atigoll,15
@cemkinay,15
@cundubeyoglu,15
@gundesbakir,15
@cemadrian,15
@ferhatkentel,15
@ukaran1976,15
@ebrudestaninan,15
@zeynabelle,15
@bfalay,15
@NurrYerlitas,14
@YakupSaritemur,14
@iremsak,14
@Vefa_Tarhan,14
@alipoyrazoglu,14
@nazan_oncel,14
@hasibe_eren,14
@LokmanCagirici,14
@halukipek06,14
@Boraoztoprak,14
@TBMMresmi,14
@acaliskan40,14
@cantanriyar1907,14
@UmitKiler,14
@ozguralaz,14
@AhmetBOgutken,14
@UnalCevikoz,14
@aykurtnuh,13
@DoganCuceloglu,13
@GogebakanMurat,13
@skadibesegil,13
@cem_boyner,13
@FeryalGulman,13
@hidoturkoglu15,13
@kisanakgultan,13
@serdargokalp,13
@erdoganarikan,12
@BurcuGnes,12
@fatos_kabasakal,12
@leventerden,12
@faikoztrak,12
@eseryenenler,12
@serrafine,12
@yeniay_aziz,12
@selcuk_yontem,12
@maliilicak,12
@haydrendersarac,12
@beratozipek,12
@uzunsoray,12
@SahnazCakiralp,12
@Ece44,12
@Leyla_Ipekci,12
@Besiktas,12
@cefi,12
@AdilSerdars,11
@Akbag_Demet,11
@MehmetOkur13,11
@mustafaceceli,11
@OYUNADAMI,11
@Alex10combr,11
@Nazmigur,11
@demetsabanci,11
@derya_sensoy,11
@aslioymen,11
@birsentezer,11
@DidemUzelSARI,11
@leventtulek,11
@suzan_kardes,11
@sinanguler,11
@huseyingulercee,11
@DIBMehmetGormez,11
@ErknCan,11
@Vahit_Kiler,11
@SelinBoronkays,11
@ferhan_sensoy,11
@Seray_Sever,11
@muratevgin,10
@peliniioztekin,10
@abagis,10
@umransavasinan,10
@ResatPetek,10
@unsalban,10
@MuratDalkilic,10
@ihhinsaniyardim,10
@AtillaYesilada1,10
@sahinirmak,10
@oztekinrasim,10
@TolgaCevik,10
@ziynetsali,10
@MalikEcderOzdmr,10
@OzanKibritci,10
@MCumbulOfficial,10
@DemirBetul,10
@tugbaozerk,10
@mrvsevi,9
@bulenttanik,9
@Bilal_Erdogan,9
@MuratBoz,9
@MuhittinBosat,9
@hulyavsar,9
@okay_karacan,9
@hakanturpcu,9
@ozgurmasur,9
@Serdarortacs,9
@AlenMarkaryan,9
@guvsak,9
@sirsureyya,9
@NukhetDuru,9
@ahusungur1,9
@AysegulDinckok,9
@ZekiDemirkubuz,9
@erginsadullah,9
@_gokhangonul,9
@alper_tas,9
@GunerFuat,8
@MevlutAslanoglu,8
@yek_35,8
@srkbdy,8
@celikerisci,8
@zaramuzik,8
@Izelcelikozz,8
@Lerzan_Mutlu,8
@hamditopcu53,8
@kenandogulu,8
@fundaarar,8
@Nagehanalci,8
@GalipEnsarioglu,8
@melek_baykal,8
@NEWSSEEKERNO1,8
@Sagopakajmerrap,8
@metinkeceli,8
@CenkTosun_,8
@deryakaradas1,8
@handekuday,7
@atakankurt2,7
@mithatsancar,7
@kadirdogullu,7
@nuraysayari,7
@Niltakipte,7
@Tahsin_Yilmaz,7
@sivilayabla,7
@GuvenKiracResmi,7
@saba_t,7
@ahmetcakar1,7
@iclalaydin,7
@sercanyildirim9,7
@zeyneporaltwit,7
@fatihaltayli,7
@bgmoner,7
@ugurarslanua,7
@ssayanofficial,7
@sulezeybek,7
@suatkavukluoglu,7
@ugursefkat,7
@tuncatoskay,7
@akelali,7
@didem_soydan,7
@SumruYavrucuk,7
@ferzanozpetek,7
@nasuhigungor,7
@Hayriinonu,6
@AYDIN_KUSUM,6
@yensaroglu,6
@Burcakguven,6
@tekalan,6
@CalikogluLevent,6
@EmrahSerbes,6
@osmansrt,6
@GozdeKansu,6
@taylankumelii,6
@Hande_Kazanova,6
@ozlemsavas,6
@utkucakirozer,6
@GaroPaylan,6
@CharaAsena,6
@NamikTan,6
@USEmbassyTurkey,6
@MertGunok,6
@mtekeli35,6
@linetmenasi,6
@OnurOymen,6
@PelinBatuRevnak,6
@Petekdncz,6
@Reha_Muhtar,6
@isilrecber,6
@iremderici,6
@SADIOZDEMIR,6
@Trabzonspor,6
@UgurMeleke,6
@hakan_akkaya,6
@haberalmehmet,6
@YALINonline,6
@_selcuksahin,6
@abdulhamitgul,6
@farukbalkonya,6
@esatcanan,6
@alpkirsan,6
@ebru_sanci,6
@drcemkece,6
@badenzi,6
@besmersoy,6
@muratdidin,6
@zuhaltopall,6
@olcay_sahan10,6
@ApoOguz,5
@oulagay,5
@ciftpelin,5
@selin_demiratar,5
@nesli17,5
@ivanasertivana,5
@nuhgonultas,5
@sevil_atasoy,5
@ilhankesici,5
@ibrahimbuyukak,5
@hozer200,5
@yilmazerdogan,5
@ArzuKaprol,5
@volkankonak,5
@Atiye,5
@TayfunBAYAZIT,5
@oykucelikkk,5
@Uzulmez19,5
@abdulkadiraksu1,5
@BugraGulsoy,5
@yilmazburak17,5
@gokselonline,5
@NahitKiler,5
@AHMTKURAL,5
@mansiz26,5
@MuammerELVEREN,5
@HanefiAvci2014,4
@necatisler,4
@HsynKrdy,4
@sertaberener,4
@AYMBASKANLIGI,4
@mkdoksat,4
@otaspinar,4
@arslandidem,4
@handealtayli,4
@saadetisilaksoy,4
@bekirtegun,4
@ebrusallitan,4
@halilmazicioglu,4
@guvendikelif,4
@farukec,4
@gurcanbilgic,4
@MercanDede,4
@tuncaysanli17,4
@Hdptugluk,4
@SrnySrkyResmi,4
@serdargut,4
@ddemirkan,4
@NhrErd,4
@baristunay,4
@OmerTemelli,4
@ozlemyldz_,4
@KerimcanG,4
@sedaaonder,4
@saglam_erdal,3
@AltanTanrikulu,3
@emreaydin,3
@A_Behramoglu,3
@seyhanbulent,3
@emrecolak1010,3
@Galip_Ozturk,3
@Belcimb,3
@zeynepturkes,3
@Pinar_Selek,3
@yilmazvuraltr,3
@fatihurekk,3
@odalga,3
@yramazanoglu,3
@gurcanbalik,3
@nafigural,3
@lezzetlipiyasa,3
@YaseminCongar_,3
@gorguntaner,3
@ecem_gursel,3
@TuncCigdem,3
@TahaOzhan,3
@seyyaltaner,3
@tugba_ekinci,3
@ErtugrulTSKRN,3
@dsatmis,3
@bernaertenn,3
@ALLSTARhilmicem,3
@ousankoc,3
@sinanaaygun,3
@PinarAylin,3
@gamzekaraman,2
@davala22,2
@_AAlbayrak,2
@1VolkanDEMIREL,2
@tugbamlstrk,2
@aselcukilkan,2
@vatan_sasmaz,2
@Atalay_Besir,2
@aysekarabat,2
@candemirkoray,2
@8Selcukinan,2
@avomerturanli,2
@buyukersen,2
@KorgEnginAlan,2
@cemseymen,2
@erginataman,2
@ercaninanvatan,2
@KadirMisiroglu,2
@pekkan1,2
@YUlker,2
@Nilufergole,2
@sinancetinplato,2
@mentesmurat,2
@saygi_ozturk,2
@UmitMeric,2
@nurisahin05,2
@sbrymr,2
@ozgurcek60,2
@Toramanibrahim,2
@Cihannaofficial,2
@simgetertemizz,2
@simaybulbul,2
@kemallaktas,2
@SerdalAdali_BJK,2
@SedaKaya_12,2
@SIRIN_UNAL,2
@DDeryaBaykal,2
@neco_ates,2
@YigiterUlug,2
@WilmaElles,2
@myalcintas,2
@GonenCenk,2
@msarikaya6,2
@CelalToprak1,2
@Minetugay,2
@MeetinOzulku,2
@tanerbirsell,2
@sedaurenNet,1
@AlAlatli,1
@meryemuzerli,1
@MesutOzil1088,1
@beyazit_ozturk,1
@AAUGUR,1
@OzanDogulu,1
@karamanhikmet,1
@dalphan,1
@ceceydates,1
@roberhatemo75,1
@kivanctatlitug,1
@Akelebru,1
@GlmErsan,1
@koraybirand,1
@FilizTcbs,1
@leylazanainfo,1
@AhmetTasgetiren,1
@zaferyavan,1
@Patavatsiz,1
@bayjshow,1
@bennugerede,1
@gokhantepemusic,1
@sibelgokce,1
@ProfDrFarukSen,1
@niranunsal,1
@tarkan,1
@gamze_saracoglu,1
@Zerrintekindor,1
@ZubeyirAydar,1
@BursasporSk,1
@tarhanerdem,1
@_nbc_,1
@syukselsenler,1
@_ugurboral,1
@gulsenin,1
@JulideAtes,1
@LeventTuzemen,1
@acunilicali,1
@Ilterkemal,1
@BarisOrnarli,1
@ahmetturanalkan,1
@DengirFirat,1
@erbilmehmetali,1
@omermadra,1
@TugbaSahiin,1
@edaeceu,1
@alperkul,1
@DrArguden,1
@Tahir_Akyurek,1
@eadksk,1
@TANYELIyle,1
@gokhanozen,1
@SirinEBayulgen,1
@sezenaksu,1
@onanarzum,1
