twhandle,twtext
@morningmoneyben,1130
@jpodhoretz,1061
@daveweigel,1049
@ianbremmer,765
@mattyglesias,743
@GlennF,741
@TheStalwart,704
@samsteinhp,678
@ReformedBroker,678
@BuzzFeedAndrew,671
@jimgeraghty,649
@Talkmaster,634
@ananavarro,606
@lizzwinstead,596
@StirringTrouble,592
@KagroX,590
@dandrezner,589
@ethanklapper,568
@KailiJoy,567
@zerohedge,564
@DavidKaib,532
@jeffpearlman,530
@Green_Footballs,526
@joshuafoust,525
@joshtpm,525
@eliasisquith,493
@ron_fournier,484
@benshapiro,462
@randomsubu,451
@MattBinder,445
@markknoller,444
@fmanjoo,441
@LaMonicaBuzz,432
@TheFix,430
@JohnJHarwood,424
@AntDeRosa,419
@JonahNRO,409
@danprimack,395
@realDonaldTrump,393
@rilaws,392
@MiaFarrow,388
@ClaraJeffery,387
@edsbs,384
@chrislhayes,379
@rolandsmartin,377
@CharlieDaniels,369
@mileskahn,369
@Max_Fisher,367
@piersmorgan,364
@edbott,364
@monaeltahawy,362
@sahilkapur,356
@EricStangel,348
@anildash,347
@7im,338
@ditzkoff,338
@robdelaney,337
@davidfrum,326
@ThePlumLineGS,318
@greta,311
@HowardKurtz,309
@nycjim,309
@chrisgeidner,307
@DanAmira,302
@KevinWGlass,302
@zackbeauchamp,299
@chucktodd,296
@drewmagary,296
@LukeRussert,295
@pkedrosky,294
@IngrahamAngle,293
@michaelianblack,291
@ZekeJMiller,290
@TinaDupuy,289
@JeffreyGoldberg,288
@DavidCornDC,283
@VonniMediaMogul,282
@ExumAM,282
@JoyceCarolOates,281
@Timodc,279
@rickklein,277
@jonathanwald,272
@KatrinaNation,262
@BetteMidler,261
@ByronYork,259
@neetzan,253
@EdMorrissey,252
@jonlovett,252
@nickconfessore,251
@mattzollerseitz,251
@anylaurie16,251
@grossdm,251
@thisisjendoll,250
@BenStandig,249
@OccupyWallStNYC,247
@alexanderiburns,244
@JustinWolfers,240
@stacyherbert,239
@jaketapper,239
@AlecMacGillis,237
@PerezHilton,237
@FeldmanAdam,237
@SuzyWelch,236
@AnonyOps,236
@BeckyGMartinez,234
@ggreenwald,234
@BCAppelbaum,234
@politicoroger,233
@jim_newell,228
@AHMalcolm,223
@carlbildt,223
@anamariecox,220
@pattonoswalt,220
@RonanFarrow,219
@conor64,217
@pareene,214
@nprmonkeysee,212
@Justin_Stangel,211
@IrvineWelsh,211
@wilw,211
@brianjameswalsh,211
@michellemalkin,210
@ASE,209
@MrChuckMartin,209
@CharlesMBlow,207
@ChrisWarcraft,206
@petridishes,204
@radleybalko,203
@AriMelber,200
@therealroseanne,199
@pete_schultz,198
@AriFleischer,194
@sternbergh,191
@thegarance,191
@NickKristof,186
@leahmcelrath,184
@JWGOP,183
@kevinroose,183
@birbigs,182
@acarvin,181
@RealDLHughley,180
@jackshafer,180
@BahmanKalbasi,179
@JoshElliott32,176
@markmackinnon,176
@petersuderman,176
@ChemiShalev,175
@markos,173
@kingsthings,172
@TheEllenShow,170
@strobetalbott,170
@JonMediaWeb,169
@RichardHaass,169
@BresPolitico,168
@DylanByers,167
@ChrisCuomo,166
@greenhousenyt,166
@cenkuygur,165
@Convertbond,165
@SethAbramovitch,165
@mpoindc,165
@AlbertBrooks,163
@ezraklein,163
@kellyoxford,163
@mtomasky,162
@felixsalmon,162
@rebeccagberg,162
@thegoodhuman,161
@gregorydjohnsen,159
@mitchellreports,157
@politicalwire,157
@aterkel,157
@AndyRichter,155
@carney,154
@SenTedCruz,153
@GhostPanther,152
@LarrySabato,151
@Ed_Husain,149
@ryangrim,149
@Reince,149
@costareports,148
@yoyoha,148
@AdamSank,148
@jtannenwald,148
@matthewjdowd,147
@SpeakerBoehner,147
@kathrynlopez,146
@kausmickey,145
@maureenjohnson,145
@GroverNorquist,144
@jonathanchait,144
@jenanmoussa,144
@jamesoliphant,143
@liamstack,142
@levie,142
@jeffzeleny,141
@emilybell,141
@EliLake,141
@BlanksSlate,140
@kevin_powell,140
@DouthatNYT,139
@billmaher,138
@JHWeissmann,138
@jianghomeshi,136
@Ihnatko,136
@RabbiShmuley,136
@jdickerson,136
@DanaPerino,134
@joshuatopolsky,134
@ZachBroussard,133
@fakedansavage,133
@lenadunham,129
@AlexPappas,129
@joanwalsh,127
@rickygervais,125
@BillWeirCNN,125
@JoshuaGreen,124
@baratunde,124
@UncleRUSH,123
@MMFlint,123
@joshgroban,123
@ConanOBrien,123
@JakeSherman,123
@AdrianChen,122
@maggiepolitico,122
@RyanLizza,120
@imchriskelly,120
@BruceLaBruce,120
@BiancaJagger,120
@SenGillibrand,119
@PaulBlu,119
@NancyPelosi,119
@TomArnold,118
@quintywinties,118
@thelittleidiot,116
@weeddude,115
@AnnaHolmes,115
@MarkHalperin,115
@JoeNBC,114
@AnnCoulter,114
@chucknicecomic,114
@EHolmesWSJ,114
@keithellison,113
@WhiteHouse,112
@BadAstronomer,112
@silvermanjacob,112
@Baird,111
@alexmassie,111
@hillhulse,110
@jedlewison,110
@DanielLarison,110
@amyewalter,109
@BarackObama,109
@marcmaron,109
@BuzzFeedBen,109
@carr2n,108
@Sherman_Alexie,108
@marcambinder,107
@edhenry,107
@FrEdwardBeck,107
@BillyMerritt,106
@AskDrRuth,106
@SenatorReid,106
@davidaxelrod,106
@jimrome,104
@TimothyNoah1,104
@PaulBegala,104
@LoniLove,103
@gabrielsnyder,102
@DrDigiPol,102
@RobLowe,102
@JamesWolcott,101
@joshrogin,100
@Joan_Rivers,100
@gregorykorte,99
@GrahamBlog,99
@marykissel,99
@MarleeMatlin,98
@caitlinmoran,98
@GoldyHA,98
@ComedyCentral,98
@NivenJ1,98
@TheDailyShow,98
@EJDionne,97
@SteveKornacki,96
@CoryBooker,96
@OC,95
@RichardEngel,94
@ariannahuff,94
@SenJohnMcCain,93
@BoyGeorge,92
@meganamram,92
@zachbraff,92
@BrianJMoylan,91
@tnyCloseRead,91
@MelissaJoanHart,91
@KeithOlbermann,90
@ryanavent,90
@laurasnapes,90
@sardesairajdeep,89
@BeschlossDC,89
@joekellyjk47,88
@JohnCornyn,88
@kirstiealley,88
@DLeonhardt,88
@A_Grossman,87
@JeffDSachs,87
@gaberivera,87
@PeterBeinart,87
@alexis_levinson,87
@wikileaks,86
@Kasparov63,86
@BenFellerNY,85
@StephenAtHome,83
@McFaul,83
@NateSilver538,83
@KennethCole,83
@SenRandPaul,83
@brithume,82
@SenSchumer,82
@SenFeinstein,81
@jonathanalter,81
@RBReich,81
@SenatorCardin,81
@campsucks,80
@sherryrehman,80
@rupertmurdoch,80
@susanorlean,80
@fredthompson,80
@ilyseh,80
@newtgingrich,79
@davidmwessel,79
@ChrisRyanPhD,78
@secupp,78
@HadleyFreeman,78
@MajorCBS,78
@jackiejcollins,78
@WilliamShatner,78
@TerryMoran,77
@cschweitz,77
@JoannaStern,77
@arishapiro,77
@questlove,77
@mashable,76
@NikkiGlaser,76
@jimmyfallon,76
@DannyWoodburn,75
@JeffreyFeldman,75
@snooki,75
@latoyajackson,75
@ClipperChip,75
@jacobwe,75
@rdotinga,74
@FrankPallone,74
@PeterHambyCNN,74
@Peoples_Pundit,73
@billmckibben,73
@Rosie,73
@JDL1185,72
@EricCantor,72
@EricaJong,72
@SusanPage,72
@wkamaubell,71
@IJasonAlexander,71
@DanaBashCNN,71
@SenSanders,71
@JamesFallows,71
@RoyBlunt,71
@DRUDGE,70
@AdrianneCurry,70
@lisarinna,70
@simonpegg,70
@leannrimes,70
@John_Hudson,69
@timkaine,69
@Beyerstein,69
@rainnwilson,69
@GreatDismal,69
@CarsonDaly,68
@JohnAvlon,68
@JohnRentoul,67
@KatieS,67
@murphymike,67
@feliciaday,67
@RichardDawkins,67
@unfoRETTAble,66
@neiltyson,66
@caityweaver,66
@MikeBloomberg,66
@SteveForbesCEO,66
@CheriJacobus,65
@SarahPalinUSA,65
@SecretsBedard,65
@mariashriver,64
@danielpmcdermot,64
@THEHermanCain,64
@MarkLeibovich,64
@RameshPonnuru,64
@passerpiccolo,63
@JohnCassidy,63
@ChelseaVPeretti,63
@AnandWrites,63
@SenatorMenendez,62
@PaulaAbdul,62
@katiecouric,62
@SenScottBrown,61
@artiequitter,61
@MarshaBlackburn,61
@johncusack,61
@David_Cameron,61
@DarrellIssa,61
@EmileHirsch,60
@mckonomy,60
@AliceDreger,60
@Ruth_A_Buzzi,59
@JohnKerry,59
@SenatorKirk,59
@mcmoynihan,59
@hodgman,59
@RyanSeacrest,58
@seanhannity,58
@mindykaling,58
@WilliamJHague,58
@reihan,58
@JacksonDiehl,58
@KevinMaddenDC,57
@HalaGorani,57
@HarveyFierstein,57
@JasonBiggs,56
@MichaelChiklis,56
@iamdiddy,56
@ANNELAMOTT,56
@MarioLopezExtra,56
@JohnFDaley,56
@fstonenyt,56
@seanspicer,55
@Alyssa_Milano,55
@AriBerman,55
@SenatorDurbin,55
@rustyrockets,55
@SCClemons,55
@BobbyJindal,55
@atlasshrugs,54
@paulocoelho,54
@jenniferweiner,54
@SarahKSilverman,54
@kentucker,54
@AshleyRParker,54
@RNicholasBurns,54
@SenatorBoxer,53
@jack_welch,53
@KellyOsbourne,52
@ParisHilton,52
@CitizenCohn,52
@ericstonestreet,52
@SandraBernhard,51
@cher,51
@RealJamesWoods,51
@amanda_hocking,51
@jessetyler,51
@ManBartlett,50
@SenBobCasey,50
@AmbassadorRice,50
@UN,50
@SethMacFarlane,50
@SteveMartinToGo,50
@SamuelLJackson,49
@giacomonyt,49
@GovChristie,49
@MeghanMcCain,49
@SandraFluke,49
@EthanZ,49
@maureenoco,49
@BDUTT,49
@bengoldacre,49
@diablocody,48
@TheBorisBecker,48
@pmharper,48
@mountain_goats,48
@Arightside,47
@MicheleBachmann,47
@katyperry,47
@joancollinsobe,47
@kerstinshamberg,47
@hilaryr,47
@adammshankman,46
@marincogan,46
@billyraycyrus,46
@TheRealNimoy,46
@MarkUdall,46
@JECarter4,46
@ChuckGrassley,45
@SenatorCarper,45
@SenatorBarb,45
@Roygeneable,45
@rosemcgowan,45
@marieosmond,45
@mollymcnearney,45
@Pontifex,45
@pfeiffer44,45
@stephenfry,45
@SenDanCoats,44
@RL_Stine,44
@JeffreyToobin,44
@shushwalshe,43
@garyvee,43
@lisaling,43
@Lis_Smith,43
@flaviajackson,43
@RickSantorum,43
@koxinga21,43
@justinbieber,43
@TheRichardLewis,43
@ChristineOD,43
@SenatorTimScott,42
@Isobel_Coleman,42
@ChelseaClinton,42
@NICKIMINAJ,42
@bobsaget,42
@camanpour,42
@klustout,42
@greggiroux,42
@Cmdr_Hadfield,42
@kdrum,42
@richardbranson,42
@johnjcook,42
@MichaelSteele,41
@nathanLfuller,41
@ElizabethBanks,41
@frankrichny,41
@DiDimond,41
@JessicaMontell,41
@carlreiner,41
@GavinNewsom,41
@sethmeyers,41
@Aaronhicklin,41
@MichaelAusiello,41
@GeorgeTakei,40
@clairecmc,40
@DennisDMZ,40
@PattyArquette,40
@DrOz,40
@BillMoyersHQ,40
@Austan_Goolsbee,40
@Alancumming,40
@BBCMarkMardell,40
@rachaelray,40
@lolojones,40
@pemalevy,40
@GeraldFSeib,39
@KimKardashian,39
@PattyMurray,39
@WilliamFreeland,39
@peeweeherman,39
@husainhaqqani,39
@jimmykimmel,39
@chrisrock,39
@AndersFoghR,39
@vanderjames,39
@tomperriello,38
@joerogan,38
@MileyCyrus,38
@mtaibbi,38
@EvaLongoria,38
@JoeTrippi,38
@gelhaddad,38
@ChrisCoons,38
@marcorubio,38
@nikkalanz,38
@Sethrogen,38
@donlemon,38
@blakehounshell,38
@JohnDingell,38
@ladygaga,37
@Morning_Joe,37
@finneyk,37
@FrankBruni,37
@suttonnick,37
@alaindebotton,37
@bensherwood,37
@gabrielsherman,36
@taylorswift13,36
@ActuallyNPH,36
@DarcyBurner,36
@financialissues,36
@ValerieAmos,36
@babyrabies,36
@JulietteLewis,36
@NancySinatra,36
@karaswisher,36
@ThatKevinSmith,36
@TinaBrownLM,36
@vj44,36
@SenJeffMerkley,36
@BernardGoldberg,36
@RickWarren,35
@jtimberlake,35
@SenatorHagan,35
@margaretcho,35
@glennbeck,35
@eucopresident,35
@thatbilloakley,35
@Number10gov,35
@realjonlovitz,35
@LanceBass,35
@rihanna,35
@Pogue,35
@GarryShandling,35
@charltonbrooker,35
@MelissaEGilbert,35
@sallyquinndc,35
@SamSifton,34
@MsMelanieSykes,34
@lilyallen,34
@IvankaTrump,34
@iamwill,34
@kathygriffin,34
@MarkRuffalo,34
@DavidGrann,33
@nancyodell,33
@mattbish,33
@NikkiFinke,33
@GovGaryJohnson,33
@RuthDavidsonMSP,33
@ForestWhitaker,33
@KChenoweth,33
@DavidSpade,33
@ToryAnarchist,32
@jayleno,32
@MarkWarner,32
@WynonnaMusic,32
@Peston,32
@LoganLevkoff,32
@ABFalecbaldwin,32
@GovMikeHuckabee,32
@ricky_martin,32
@JerryRice,32
@imamjohari,32
@johannhari101,32
@Richard_Florida,32
@RealRonHoward,31
@tiesto,31
@DebraMessing,31
@richardquest,31
@GovernorPerry,31
@tyrabanks,31
@MarthaStewart,31
@Slash,31
@JenGranholm,31
@debimazar,31
@VanJones68,31
@JordinSparks,31
@andyrNYT,31
@SenatorLeahy,31
@Nouriel,31
@Bourdain,30
@KingJames,30
@netanyahu,30
@hwinkler4real,30
@SenatorTomUdall,30
@RealHughJackman,30
@katewalsh,30
@chrisbrown,30
@tomcolicchio,30
@UN_Spokesperson,30
@cptime,30
@johnboehner,30
@andersoncooper,30
@DrewFromTV,30
@ksnavarra,30
@cool_pond,30
@Wolfiesmom,30
@SenJackReed,30
@markopp1,30
@DeepakChopra,30
@ChrissieEvert,29
@elizabethforma,29
@joepompeo,29
@AnnaKendrick47,29
@JohnStamos,29
@EllenBarkin,29
@lucymarcus,29
@NiaVardalos,29
@edshow,29
@billburton,29
@morgfair,29
@vika7,29
@JennyMcCarthy,29
@copyranter,29
@EricIdle,29
@GloriaEstefan,29
@MollyRingwald,28
@SenatorBurr,28
@LeezaGibbons,28
@JessicaBiel,28
@zoesaldana,28
@kevinrose,28
@evanrachelwood,28
@cyndilauper,27
@mortreport,27
@KristaVernoff,27
@SenJohnThune,27
@jasoncollins98,27
@Kateplusmy8,27
@RumsfeldOffice,27
@neilhimself,27
@adamlevine,27
@nancefinance,27
@alfranken,27
@algore,27
@wizkhalifa,27
@SenatorWicker,27
@daxshepard1,27
@maziehirono,27
@JamesOKeefeIII,26
@erikpiepenburg,26
@chelliepingree,26
@aishatyler,26
@wyclef,26
@bronk,26
@AmbDermer,26
@GayleKing,26
@colsonwhitehead,26
@KendraWilkinson,26
@NeilMacFarquhar,26
@TomBeerBooks,25
@MariahCarey,25
@JohnKingCNN,25
@paulfeig,25
@davidgregory,25
@NajibRazak,25
@llcoolj,25
@NaomiCampbell,25
@SherriEShepherd,25
@DavidShuster,25
@DionNissenbaum,25
@gatorboyrb,25
@SenatorShaheen,25
@BeckyCNN,25
@cdpolicano,25
@BretEastonEllis,25
@SteveCase,24
@carol_e_lee,24
@TheScienceGuy,24
@JMDBarroso,24
@rodrikdani,24
@morningmika,24
@RickiLake,24
@AmbShapiro,24
@EdWGillespie,24
@georgelopez,24
@MartinSchulz,24
@mariansalzman,24
@SusanSarandon,24
@britneyspears,24
@Freakyjean99,23
@LoriPerkinsRAB,23
@dansenor,23
@SHAQ,23
@jheil,23
@BarbaraDemick,23
@SarahBrownUK,23
@ralphmacchio,23
@kristina_wong,23
@pitbull,23
@SenOrrinHatch,23
@NorahODonnell,23
@CornelWest,23
@SlaughterAM,23
@aliciakeys,23
@SuzanneSomers,23
@PeterSokolowski,23
@SariHorwitz,23
@victoriabeckham,23
@TheOliverStone,23
@RealMichelleT,23
@pattiemallette,23
@Jaime_King,23
@RepPerlmutter,23
@CharlieCrist,22
@BryanHall95,22
@GaelGreene,22
@monacharenEPPC,22
@Peggynoonannyc,22
@YO_RANDYJACKSON,22
@RuPaul,22
@1capplegate,22
@joshduhamel,22
@Oprah,22
@SenThadCochran,22
@yokoono,22
@ShannonElizab,22
@SenRonJohnson,22
@SuzeOrmanShow,22
@JimCarrey,22
@itstonybennett,22
@rosieperezbklyn,22
@RobinRoberts,21
@SavannahGuthrie,21
@MikeCrapo,21
@Paula_Deen,21
@CardinalDolan,21
@RebelWilson,21
@BillyCrystal,21
@MichaelKors,21
@kvox,21
@ddlovato,21
@iamjamiefoxx,21
@drewbrees,21
@AssangeC,21
@JameelMcClain,21
@mortsahlsays,21
@HelenClarkUNDP,21
@RitaWilson,21
@MacyGraysLife,21
@arneduncan,21
@SherylCrow,21
@taylor_dayne,20
@KarlRove,20
@alexlundry,20
@wolfblitzer,20
@naomirwolf,20
@AlanGrayson,20
@RedHourBen,20
@Jon_Favreau,20
@mattfleg,20
@Danielkellison,20
@kathynajimy,20
@russellcrowe,20
@azizansari,20
@McCormickJohn,20
@mdornic,20
@DavidHasselhoff,20
@Richardson_Mich,20
@LaPantin,20
@kevinbacon,20
@SpikeLee,20
@hitRECordJoe,20
@deesnider,20
@solangeknowles,20
@DrPhil,20
@PressSec,20
@DavidMuir,19
@SenatorIsakson,19
@AidaAlami,19
@JayMcInerney,19
@Alex_Ogle,19
@eddieizzard,19
@HankAzaria,19
@MargaretAtwood,19
@BobWoodruff,19
@HilaryDuff,19
@LilTunechi,19
@kfahim,19
@shakira,19
@KrisJenner,19
@ReallyMarcia,19
@soledadobrien,19
@dickc,19
@kobebryant,19
@brooks_rosa,19
@MarkLevineTalk,19
@CherylStrayed,19
@Edpilkington,19
@lindsaylohan,19
@MikeTyson,18
@MichaelPhelps,18
@jamieoliver,18
@grimmers,18
@Jemima_Khan,18
@jack,18
@ebertchicago,18
@mikeymusto,18
@JohnBoozman,18
@Philip_Elliott,18
@petesouza,18
@rajshah,18
@andy_murray,18
@SenatorHarkin,18
@sarafstewart,18
@Redistrict,18
@SUGARRAYLEONARD,18
@AnnCurry,18
@dvmurrell,17
@Busyphilipps25,17
@JebBush,17
@timoreilly,17
@PolitiFact,17
@DonRickles,17
@ChrisGethard,17
@canyonjim,17
@FelicityHuffman,17
@donnyosmond,17
@MRbelzer,17
@davidwalliams,17
@ShashiTharoor,17
@aplusk,17
@GabbyGiffords,17
@ritarudner,17
@SteveCarell,17
@danbalz,17
@dtapscott,16
@dmarron,16
@pete_wells,16
@KevinSpacey,16
@BernsteinJacob,16
@MrsSOsbourne,16
@GovBrewer,16
@kevinpollak,16
@ChristopherHahn,16
@marcthiessen,16
@Pink,16
@Artj97,16
@RepRichardHanna,16
@Carrie_Rachel,16
@cocorocha,15
@Messina2012,15
@ValEKilmer,15
@SenBobCorker,15
@KendallJenner,15
@kourtneykardash,15
@CTurlington,15
@PRyan,15
@NaomiAKlein,15
@ElizabethHurley,15
@SimonCowell,15
@whitneysnyder,15
@hopesolo,15
@DjokerNole,15
@NickyMorgan01,15
@AmbJohnBolton,15
@CindyCrawford,15
@woodelijah,15
@goldiehawn,15
@DanniiMinogue,15
@SimoneFoxman,15
@kylieminogue,15
@StateAfrica,14
@melindagates,14
@kathyireland,14
@DMiliband,14
@ruth_franklin,14
@judyblume,14
@IAMKELLYBROOK,14
@MaxineWaters,14
@IAmSteveHarvey,14
@jerryspringer,14
@RyanGOP,14
@AshleyJudd,14
@KatieHeigl,14
@WhoopiGoldberg,14
@JimDeMint,14
@TheRealDratch,14
@Lara_APN,14
@iamrashidajones,14
@bryanadams,14
@TheLloydGrove,14
@jensstoltenberg,13
@SenMarkPryor,13
@50cent,13
@HannaRosin,13
@jeweljk,13
@TheLewisBlack,13
@TEDchris,13
@selenagomez,13
@JoyVBehar,13
@SamHarrisOrg,13
@SethGreen,13
@BenjaminFMoser,13
@D_Copperfield,13
@cocosworld,13
@maudeapatow,13
@Fergie,13
@ESQPolitics,13
@maddow,13
@DrDrewHLN,13
@missjillscott,13
@kelly_clarkson,13
@FLGovScott,13
@PatrickMurphyFL,13
@clayaiken,13
@hardball_chris,13
@DaisyKhan,13
@Sulliview,12
@alexcast,12
@MikaelaShiffrin,12
@jenniegarth,12
@stefcutter,12
@panphil,12
@ohsnapjbsmoove,12
@nickjonas,12
@AngelAlessandra,12
@DanFeldmanNBA,12
@NiallOfficial,12
@KDTrey5,12
@metheridge,12
@khloekardashian,12
@CompuNerdDrew,12
@JohnTesh,12
@DianeSawyer,12
@MikeDorning,12
@realjaclynsmith,12
@MayorofLondon,12
@RonPaul,12
@serenawilliams,12
@RohdeD,12
@mrjaymanuel,11
@CourteneyCox,11
@jhw4,11
@AdrianaLima,11
@maryjblige,11
@BOBSLEDR,11
@anniegowen,11
@GStephanopoulos,11
@mdichristina,11
@Courtney,11
@Harry_Styles,11
@CraigyFerg,11
@UnlikelyWorlds,11
@DENISE_RICHARDS,11
@TonyOElumelu,11
@theseanhayes,11
@TracyClarkFlory,11
@aa000G9,11
@joejonas,11
@FareedZakaria,11
@Brenda_Strong,11
@QuincyDJones,11
@MelanieGriffith,11
@stavridisj,11
@TheMandyMoore,11
@SeinfeldToday,11
@JLo,11
@AvrilLavigne,11
@dickstevenson,11
@Carole_King,11
@GlennKesslerWP,10
@stb5g5,10
@siweiluozi,10
@JBennet,10
@BrunoMars,10
@sarafagen2,10
@jeremyabbottpcf,10
@BFischerMartin,10
@BritishMonarchy,10
@kyrasedgwick,10
@BorowitzReport,10
@AriKarpel,10
@hughhefner,10
@MissKellyO,10
@KeshaRose,10
@TheJoeyKola,10
@MinkysHighjinks,10
@SenJohnsonSD,10
@TigerWoods,10
@RyanLochte,10
@JonahHill,10
@Meryl_Davis,10
@MedvedevRussiaE,10
@MariaBartiromo,10
@NancyHeartMusic,10
@OfficialBPeters,10
@SangerNYT,9
@kanyewest,9
@BarbaraBoxer,9
@katebosworth,9
@P_Musharraf,9
@BarbraStreisand,9
@RealTracyMorgan,9
@Louis_Tomlinson,9
@mvp86hinesward,9
@kaj33,9
@RasmussenPoll,9
@CarterD,9
@BetsyMTP,9
@johnkeypm,9
@RealRonJeremy,9
@IAMJHUD,9
@NafeesaSyeed,9
@MelRivers,9
@JaredCohen,9
@charliesheen,9
@tavitulle,9
@matthew_power,9
@NicoleScherzy,9
@williamnorwich,9
@THEGaryBusey,9
@AdviceToWriters,9
@EmWatson,9
@mcgregor_ewan,9
@channingtatum,9
@bdaly22,9
@JohnDonvan,9
@RickHertzberg,9
@drsanjaygupta,9
@OfficialJLD,9
@janemarielynch,9
@mikeallen,8
@CandaceBushnell,8
@WalterIsaacson,8
@NelsonMandela,8
@DCaseGP,8
@HHShkMohd,8
@Curtisleejamie,8
@cafreeland,8
@CardinalMahony,8
@Cristiano,8
@brett_mcgurk,8
@juliaxgulia,8
@McCainBlogette,8
@ariezrawaldman,8
@MittRomney,8
@StephenBaldwin7,8
@rajskub,8
@rosariodawson,8
@SofiaVergara,8
@woodyjohnson4,8
@TarellBrown25,8
@TheJohnZogby,8
@jadapsmith,8
@Schwarzenegger,8
@KateUpton,8
@KateySagal,8
@KellyRipa,8
@SamFeistCNN,8
@Becker_Boris,8
@jessicaalba,8
@davidwain,8
@jeffgarlin,8
@IMFNews,8
@Mariska,7
@MJGerson,7
@joehagansays,7
@DalaiLama,7
@TimPawlenty,7
@HowardStern,7
@enrique305,7
@Real_Liam_Payne,7
@AmericaFerrera,7
@SenatorBegich,7
@Alanis,7
@lancearmstrong,7
@Janefonda,7
@heidiklum,7
@RichardDreyfuss,7
@NeilDiamond,7
@boonepickens,7
@DollyParton,7
@blakegriffin32,7
@jk_rowling,7
@DwightHoward,7
@sethmeyers21,7
@lynseyaddario,7
@Guaje7Villa,7
@BillCosby,7
@CarreOtis,7
@johnkrasinski,7
@PrinceTweets2U,7
@PhilJackson11,7
@LennyKravitz,7
@Tori_Spelling,7
@nfergus,7
@SajadJiyad,7
@PamelaDAnderson,7
@bittman,6
@billkeller2014,6
@BobNewhart,6
@CherylEIsaac,6
@DickMorrisTweet,6
@biz,6
@CharlizeAfrica,6
@_juliannemoore,6
@StevenHolcomb,6
@tombrokaw,6
@tomhanks,6
@OrrinHatch,6
@RobertGreenhill,6
@VWOfficial,6
@BobBalaban,6
@DLidington,6
@PMOIndia,6
@robcorddry,6
@ZooeyDeschanel,6
@TomDaley1994,6
@AshWagner2010,6
@salmanmasood,6
@SalmanRushdie,6
@ColinKahl,6
@axlrose,6
@Tatum_Oneal,6
@OzzyOsbourne,6
@gwenstefani,6
@KAKA,6
@jinglejared,6
@iamjohnoliver,6
@dramnabuttar,6
@grantshapps,6
@Hilary_Knight,6
@MrKRudd,6
@dan_aykroyd,6
@JuliaGillard,6
@chelseahandler,6
@AndrewSmiler,5
@jimmycarr,5
@MatthewPerry,5
@andrewrsorkin,5
@UN_PGA,5
@TuckerCarlson,5
@mrdannyglover,5
@JenniferGrey,5
@TSTREETER8,5
@ZacEfron,5
@jackgraycnn,5
@BarbaraJWalters,5
@DanielBaldwin,5
@danieljmitchell,5
@LILBTHEBASEDGOD,5
@TomCoburn,5
@CharlieaWhite,5
@NWAMatt,5
@JohnCleese,5
@shaun_white,5
@SarahTheDuchess,5
@ChazBono,5
@TheReal_Jlh,5
@GovBeebeMedia,5
@TimPhillipsAFP,5
@FredBarnes,5
@EdwardNorton,5
@ActressJolie,5
@TeamFlacco,5
@deemyers,5
@RealSAlexander,5
@Cutler_econ,4
@chriscolfer,4
@kelligrant,4
@PaulKagame,4
@louisck,4
@john_russell,4
@chrishughes,4
@WHAAsstSecty,4
@civsecatstate,4
@CarterLibrary,4
@Brittanysnow,4
@QueenRania,4
@alydudek,4
@ProfBrianCox,4
@rickungar,4
@fravel,4
@LeoDiCaprio,4
@JeffMadrick,4
@bobjcarr,4
@grove,4
@DorisKGoodwin,4
@TheRealKinkster,4
@JPN_PMO,4
@LaurenConrad,4
@ben_austen,4
@BenAffleck,4
@mena13suvari,4
@artsy,4
@DannyDeVito,4
@oreillyfactor,4
@Charles_HRH,4
@realmikefox,4
@OfficialPiaZ,4
@robbiewilliams,4
@USYouthObserver,4
@FlakPhoto,4
@carrieffisher,4
@BetseyStevenson,3
@Kaepernick7,3
@LisaKudrow,3
@CatherineCrier,3
@RealFayeDunaway,3
@GovRichardson,3
@jrcelski,3
@danacarvey,3
@dennisrodman,3
@davidguetta,3
@jermjackson5,3
@russfeingold,3
@JerrySeinfeld,3
@davidarquette,3
@themichaelcaine,3
@BrianRoss,3
@therealpduffy,3
@RyanMiller3039,3
@michaelpollan,3
@RealAliceCooper,3
@N8Holland,3
@RayLaHood,3
@DJBerry20,3
@Mike_AFL,3
@eveensler,3
@PearlJam,3
@TVAshleigh,3
@DavidBarboza2,3
@batemanjason,3
@amandabynes,3
@mrDavidWise,3
@liamgallagher,3
@ChristaBMiller,3
@NeYoCompound,3
@tonyblairoffice,3
@ChinaOkasi,3
@Rasmussen_Poll,3
@Najib_Mikati,3
@kaifulee,3
@natimbruglia,3
@jasonbskates,2
@EPAadm,2
@MichaelKeaton,2
@FayyadSalam,2
@sparker,2
@SecretaryFoxx,2
@ScottDisick,2
@robinwilliams,2
@OfficialAdele,2
@Dolly_Parton,2
@T26Brock,2
@Lagarde,2
@ElizabethMcGov,2
@EliotSpitzer,2
@lessig,2
@marissamayer,2
@xtina,2
@FelipeCalderon,2
@zoedinovi,2
@ToddGlass,2
@djpolitico,2
@TheJuanWilliams,2
@minutephysics,2
@BillGates,2
@david_steinberg,2
@noaheverett,2
@TheSlyStallone,2
@AmandaSeyfried,2
@aaronhuey,2
@MarkMNoLabels,2
@GraceEGold,2
@RealKiefer,2
@RachelMorris,2
@crowleyCNN,2
@WomanOnFire,2
@mirapaglinair,2
@SenatorCollins,2
@WilliamJBennett,2
@ev,2
@andreamsaul,2
@HelenHunt,2
@Billy,2
@Freakyjean95,2
@HoshyarZebari,2
@tomfriedman,2
@RizKhanShows,2
@nicolerichie,2
@JimCameron,2
@ConWebWatch,2
@toriamos,1
@JessicaSimpson,1
@StevieNicks,1
@tedligety,1
@TerrenceCody,1
@harrybelafonte,1
@Alexanderikson,1
@JohnnyQuinnUSA,1
@SenatorSessions,1
@SnoopDogg,1
@JimmyLSwaggart,1
@georgesoros,1
@TheDickCavett,1
@EMILIOTHEWAY,1
@SenCarlLevin,1
@misterrobbates,1
@DAVID_LYNCH,1
@MichaelBarone,1
@MichelleObama,1
@mgyllenhaal,1
@MillerBode,1
@krauthammer,1
@kweliwashington,1
@Eminem,1
@benatargiraldo,1
@laurawbush,1
@NellyFurtado,1
@ElGabo,1
@DonMarkwell,1
@NatalieCole,1
@NaomiWoodBooks,1
@bjork,1
@EckhartTolle,1
@Drake,1
@macon44,1
@McConaughey,1
@andrewrawnsley,1
@silva_marina,1
@morganbrinlee,1
@JanetJackson,1
@TomCruise,1
@SachinKamdar,1
@jessicamusicar,1
@jgarlin,1
@raylewis,1
@Howard_Stern,1
@VanHalen,1
@VictoriaJackson,1
@plantecbs,1
@joancbaez,1
@RepPaulRyan,1
@BryanCranston,1
@GwynethPaltrow,1
@CameronCrowe,1
@jskoff,1
@adamdavidson,1
@RachelMorris_,1
@PrimeministerGR,1
@HaleyBarbour,1
